{
    "Eval_AverageReturn": [
        35.75,
        41.400001525878906,
        49.33333206176758,
        62.85714340209961,
        69.33333587646484,
        68.57142639160156,
        91.19999694824219,
        140.0,
        123.25,
        144.6666717529297,
        169.0,
        127.75,
        124.25,
        131.25,
        148.3333282470703,
        162.3333282470703,
        171.0,
        171.6666717529297,
        200.0,
        181.3333282470703,
        200.0
    ],
    "Eval_StdReturn": [
        14.160537719726562,
        19.799999237060547,
        22.538854598999023,
        21.290029525756836,
        25.004444122314453,
        25.206899642944336,
        33.090179443359375,
        42.809654235839844,
        19.677080154418945,
        55.35541534423828,
        9.797959327697754,
        21.19404411315918,
        9.807522773742676,
        12.987975120544434,
        11.671427726745605,
        27.157974243164062,
        20.832666397094727,
        31.32978630065918,
        0.0,
        26.398653030395508,
        0.0
    ],
    "Eval_MaxReturn": [
        64.0,
        77.0,
        83.0,
        92.0,
        110.0,
        120.0,
        134.0,
        200.0,
        149.0,
        192.0,
        181.0,
        148.0,
        140.0,
        150.0,
        164.0,
        200.0,
        200.0,
        200.0,
        200.0,
        200.0,
        200.0
    ],
    "Eval_MinReturn": [
        10.0,
        20.0,
        23.0,
        32.0,
        43.0,
        46.0,
        36.0,
        103.0,
        95.0,
        67.0,
        157.0,
        96.0,
        116.0,
        114.0,
        136.0,
        137.0,
        152.0,
        128.0,
        200.0,
        144.0,
        200.0
    ],
    "Eval_AverageEpLen": [
        35.75,
        41.4,
        49.333333333333336,
        62.857142857142854,
        69.33333333333333,
        68.57142857142857,
        91.2,
        140.0,
        123.25,
        144.66666666666666,
        169.0,
        127.75,
        124.25,
        131.25,
        148.33333333333334,
        162.33333333333334,
        171.0,
        171.66666666666666,
        200.0,
        181.33333333333334,
        200.0
    ],
    "Train_AverageReturn": [
        24.707317352294922,
        34.86666488647461,
        43.69565200805664,
        49.80952453613281,
        65.4375,
        53.105262756347656,
        52.5,
        75.5,
        152.7142791748047,
        99.2727279663086,
        115.19999694824219,
        128.375,
        151.0,
        131.22222900390625,
        158.14285278320312,
        170.8333282470703,
        147.14285278320312,
        179.0,
        168.57142639160156,
        199.0,
        189.8333282470703
    ],
    "Train_StdReturn": [
        18.999670028686523,
        18.623878479003906,
        25.856517791748047,
        22.854860305786133,
        41.602237701416016,
        22.92067527770996,
        29.952463150024414,
        31.84056282043457,
        36.14935302734375,
        41.84623718261719,
        51.26948547363281,
        24.763568878173828,
        29.73213768005371,
        37.427791595458984,
        29.434812545776367,
        31.47706413269043,
        25.859115600585938,
        18.14754295349121,
        36.811710357666016,
        2.2360680103302,
        22.73335838317871
    ],
    "Train_MaxReturn": [
        116.0,
        78.0,
        129.0,
        120.0,
        200.0,
        111.0,
        164.0,
        144.0,
        200.0,
        144.0,
        200.0,
        174.0,
        200.0,
        200.0,
        200.0,
        200.0,
        182.0,
        200.0,
        200.0,
        200.0,
        200.0
    ],
    "Train_MinReturn": [
        8.0,
        10.0,
        15.0,
        16.0,
        18.0,
        20.0,
        18.0,
        39.0,
        87.0,
        23.0,
        22.0,
        99.0,
        109.0,
        65.0,
        126.0,
        118.0,
        96.0,
        148.0,
        120.0,
        194.0,
        139.0
    ],
    "Train_AverageEpLen": [
        24.70731707317073,
        34.86666666666667,
        43.69565217391305,
        49.80952380952381,
        65.4375,
        53.10526315789474,
        52.5,
        75.5,
        152.71428571428572,
        99.27272727272727,
        115.2,
        128.375,
        151.0,
        131.22222222222223,
        158.14285714285714,
        170.83333333333334,
        147.14285714285714,
        179.0,
        168.57142857142858,
        199.0,
        189.83333333333334
    ],
    "Actor Loss": [
        -0.006389889400452375,
        -0.012265186756849289,
        -0.005174109246581793,
        0.000569657189771533,
        0.006088873837143183,
        -0.006999910809099674,
        -0.00010482333891559392,
        -0.003123645670711994,
        -0.0010762348538264632,
        -0.007737751118838787,
        -0.006359754130244255,
        -0.0027843285351991653,
        -0.013432729057967663,
        -0.009841437451541424,
        0.0018718496430665255,
        0.00017836361075751483,
        -0.002804448828101158,
        0.004105067811906338,
        -0.008287416771054268,
        0.004515049047768116,
        -0.00844410341233015
    ],
    "Train_EnvstepsSoFar": [
        1013,
        2059,
        3064,
        4110,
        5157,
        6166,
        7216,
        8273,
        9342,
        10434,
        11586,
        12613,
        13670,
        14851,
        15958,
        16983,
        18013,
        19087,
        20267,
        21461,
        22600
    ],
    "TimeSinceStart": [
        1.1438746452331543,
        2.094517946243286,
        3.035928964614868,
        4.004549026489258,
        4.957568407058716,
        5.926003932952881,
        6.9037580490112305,
        7.86323094367981,
        8.898195743560791,
        9.88904881477356,
        10.984143733978271,
        11.993366718292236,
        13.006818294525146,
        14.126829385757446,
        15.14009428024292,
        16.126161336898804,
        17.13170075416565,
        18.16626000404358,
        19.19110131263733,
        20.32053852081299,
        21.322189807891846
    ],
    "Initial_DataCollection_AverageReturn": [
        24.707317352294922
    ]
}