{
    "Eval_AverageReturn": [
        29.071428298950195,
        46.29999923706055,
        76.16666412353516,
        43.29999923706055,
        53.5,
        65.85713958740234,
        81.83333587646484,
        114.75,
        161.6666717529297,
        132.25,
        190.6666717529297,
        160.3333282470703,
        177.6666717529297,
        162.0,
        200.0,
        200.0,
        191.3333282470703,
        200.0
    ],
    "Eval_StdReturn": [
        13.418879508972168,
        23.195043563842773,
        40.21366882324219,
        20.25857925415039,
        18.69491958618164,
        32.54196548461914,
        43.5331916809082,
        20.728904724121094,
        54.21152114868164,
        34.324737548828125,
        13.199326515197754,
        28.405790328979492,
        16.418148040771484,
        24.913183212280273,
        0.0,
        0.0,
        12.25651741027832,
        0.0
    ],
    "Eval_MaxReturn": [
        51.0,
        75.0,
        128.0,
        81.0,
        95.0,
        131.0,
        171.0,
        150.0,
        200.0,
        189.0,
        200.0,
        200.0,
        200.0,
        197.0,
        200.0,
        200.0,
        200.0,
        200.0
    ],
    "Eval_MinReturn": [
        10.0,
        13.0,
        19.0,
        16.0,
        31.0,
        33.0,
        40.0,
        97.0,
        85.0,
        104.0,
        172.0,
        135.0,
        161.0,
        141.0,
        200.0,
        200.0,
        174.0,
        200.0
    ],
    "Eval_AverageEpLen": [
        29.071428571428573,
        46.3,
        76.16666666666667,
        43.3,
        53.5,
        65.85714285714286,
        81.83333333333333,
        114.75,
        161.66666666666666,
        132.25,
        190.66666666666666,
        160.33333333333334,
        177.66666666666666,
        162.0,
        200.0,
        200.0,
        191.33333333333334,
        200.0
    ],
    "Train_AverageReturn": [
        23.86390495300293,
        33.00812911987305,
        40.44444274902344,
        44.16304397583008,
        46.55813980102539,
        50.924049377441406,
        74.55555725097656,
        83.47916412353516,
        81.12000274658203,
        98.8536605834961,
        117.05714416503906,
        147.32142639160156,
        165.27999877929688,
        161.60000610351562,
        177.17391967773438,
        174.52174377441406,
        189.63636779785156,
        197.2857208251953
    ],
    "Train_StdReturn": [
        12.010810852050781,
        18.322980880737305,
        21.077165603637695,
        21.997173309326172,
        23.499929428100586,
        22.99024200439453,
        38.06848907470703,
        33.46266174316406,
        33.388404846191406,
        43.58034896850586,
        43.360904693603516,
        41.5004768371582,
        33.22471237182617,
        25.7402400970459,
        28.10330581665039,
        30.248058319091797,
        25.955463409423828,
        12.138655662536621
    ],
    "Train_MaxReturn": [
        62.0,
        91.0,
        104.0,
        122.0,
        131.0,
        150.0,
        200.0,
        155.0,
        172.0,
        200.0,
        200.0,
        200.0,
        200.0,
        200.0,
        200.0,
        200.0,
        200.0,
        200.0
    ],
    "Train_MinReturn": [
        8.0,
        10.0,
        10.0,
        13.0,
        17.0,
        19.0,
        28.0,
        24.0,
        19.0,
        34.0,
        34.0,
        75.0,
        104.0,
        114.0,
        125.0,
        124.0,
        98.0,
        143.0
    ],
    "Train_AverageEpLen": [
        23.86390532544379,
        33.00813008130081,
        40.44444444444444,
        44.16304347826087,
        46.55813953488372,
        50.924050632911396,
        74.55555555555556,
        83.47916666666667,
        81.12,
        98.85365853658537,
        117.05714285714286,
        147.32142857142858,
        165.28,
        161.6,
        177.17391304347825,
        174.52173913043478,
        189.63636363636363,
        197.28571428571428
    ],
    "Actor Loss": [
        -0.005054091103374958,
        -0.0005322527722455561,
        -0.011381559073925018,
        -0.006150966510176659,
        -0.006326468661427498,
        -0.0022383921314030886,
        -0.001731707132421434,
        -0.005278170108795166,
        -0.005496488884091377,
        0.001785743865184486,
        -0.005182098597288132,
        -0.00249954080209136,
        -0.007332955952733755,
        -0.008508643135428429,
        -0.008889475837349892,
        -0.010571357794106007,
        -0.005514274816960096,
        -0.005739578977227211
    ],
    "Train_EnvstepsSoFar": [
        4033,
        8093,
        12097,
        16160,
        20164,
        24187,
        28213,
        32220,
        36276,
        40329,
        44426,
        48551,
        52683,
        56723,
        60798,
        64812,
        68984,
        73127
    ],
    "TimeSinceStart": [
        3.0298194885253906,
        5.94263482093811,
        8.804238080978394,
        11.68355393409729,
        14.492202758789062,
        17.335125207901,
        20.18905210494995,
        23.001768112182617,
        25.882091522216797,
        28.768073081970215,
        31.713305711746216,
        34.62029194831848,
        37.563660860061646,
        40.41675806045532,
        43.2344331741333,
        46.03282594680786,
        49.02415609359741,
        51.90050673484802
    ],
    "Initial_DataCollection_AverageReturn": [
        23.86390495300293
    ]
}