{
    "step": [
        0,
        10000,
        20000,
        30000,
        40000,
        50000,
        60000,
        70000,
        80000,
        90000,
        100000,
        110000,
        120000,
        130000,
        140000,
        150000,
        160000,
        170000,
        180000,
        190000,
        200000,
        210000,
        220000,
        230000,
        240000,
        250000,
        260000,
        270000,
        280000,
        290000
    ],
    "eval_return": [
        39.1,
        43.0,
        52.0,
        161.6,
        143.4,
        98.1,
        124.8,
        98.9,
        120.7,
        107.2,
        89.0,
        323.2,
        423.5,
        389.1,
        500.0,
        240.2,
        330.6,
        370.0,
        466.5,
        423.6,
        500.0,
        500.0,
        477.0,
        325.5,
        383.8,
        310.6,
        435.3,
        500.0,
        395.2,
        451.9
    ],
    "eval_ep_len": [
        39.1,
        43.0,
        52.0,
        161.6,
        143.4,
        98.1,
        124.8,
        98.9,
        120.7,
        107.2,
        89.0,
        323.2,
        423.5,
        389.1,
        500.0,
        240.2,
        330.6,
        370.0,
        466.5,
        423.6,
        500.0,
        500.0,
        477.0,
        325.5,
        383.8,
        310.6,
        435.3,
        500.0,
        395.2,
        451.9
    ],
    "eval return_std": [
        13.866867,
        16.534811,
        31.8873,
        39.661568,
        36.238655,
        13.58271,
        27.845287,
        1.9723082,
        1.7916472,
        9.662298,
        25.467627,
        115.61125,
        120.968796,
        25.80872,
        0.0,
        170.42053,
        168.4127,
        168.99054,
        100.5,
        121.2231,
        0.0,
        0.0,
        64.15606,
        192.32797,
        181.08661,
        169.7464,
        147.54257,
        0.0,
        146.3392,
        144.3
    ],
    "eval return_max": [
        68.0,
        68.0,
        145.0,
        203.0,
        235.0,
        126.0,
        176.0,
        102.0,
        123.0,
        126.0,
        103.0,
        500.0,
        500.0,
        428.0,
        500.0,
        500.0,
        500.0,
        500.0,
        500.0,
        500.0,
        500.0,
        500.0,
        500.0,
        500.0,
        500.0,
        500.0,
        500.0,
        500.0,
        500.0,
        500.0
    ],
    "eval return_min": [
        21.0,
        20.0,
        29.0,
        56.0,
        112.0,
        88.0,
        96.0,
        96.0,
        117.0,
        97.0,
        13.0,
        171.0,
        166.0,
        342.0,
        500.0,
        42.0,
        43.0,
        11.0,
        165.0,
        202.0,
        500.0,
        500.0,
        285.0,
        15.0,
        36.0,
        72.0,
        18.0,
        500.0,
        49.0,
        19.0
    ],
    "eval ep_len_std": [
        13.866866985732575,
        16.53481176185565,
        31.887301547794852,
        39.66156829980378,
        36.238653396615064,
        13.5827095971312,
        27.84528685433138,
        1.9723082923316018,
        1.7916472867168916,
        9.66229786334493,
        25.467626508962315,
        115.61124512779888,
        120.96879762980204,
        25.808719456803743,
        0.0,
        170.42053866831895,
        168.41270735903512,
        168.9905322791783,
        100.5,
        121.22310010884888,
        0.0,
        0.0,
        64.15605972938177,
        192.3279750842295,
        181.08660911287726,
        169.74639907815424,
        147.54257012808202,
        0.0,
        146.3391950230696,
        144.29999999999998
    ],
    "eval ep_len_max": [
        68,
        68,
        145,
        203,
        235,
        126,
        176,
        102,
        123,
        126,
        103,
        500,
        500,
        428,
        500,
        500,
        500,
        500,
        500,
        500,
        500,
        500,
        500,
        500,
        500,
        500,
        500,
        500,
        500,
        500
    ],
    "eval ep_len_min": [
        21,
        20,
        29,
        56,
        112,
        88,
        96,
        96,
        117,
        97,
        13,
        171,
        166,
        342,
        500,
        42,
        43,
        11,
        165,
        202,
        500,
        500,
        285,
        15,
        36,
        72,
        18,
        500,
        49,
        19
    ]
}